dataset,epoch,AUC,AP,Rec@K
reddit,0,0.5219,0.0362,0.0955
reddit,10,0.5254,0.0383,0.1273
reddit,20,0.5251,0.0392,0.1318
reddit,30,0.5249,0.0399,0.1500
reddit,40,0.5249,0.0402,0.1455
reddit,50,0.5257,0.0404,0.1500
reddit,60,0.5260,0.0407,0.1455
reddit,70,0.5272,0.0411,0.1591
reddit,80,0.5285,0.0420,0.1636
reddit,90,0.5285,0.0428,0.1500
reddit,100,0.5300,0.0433,0.1500
reddit,110,0.5311,0.0431,0.1455
reddit,120,0.5339,0.0433,0.1591
reddit,130,0.5349,0.0432,0.1591
reddit,140,0.5393,0.0426,0.1545
reddit,150,0.5431,0.0422,0.1409
reddit,160,0.5470,0.0413,0.1409
reddit,170,0.5565,0.0413,0.1364
reddit,180,0.5578,0.0415,0.1500
reddit,190,0.6017,0.0443,0.1273
reddit,200,0.5745,0.0425,0.1455
reddit,210,0.5671,0.0420,0.1500
reddit,220,0.5721,0.0423,0.1591
reddit,230,0.5918,0.0437,0.1545
reddit,240,0.5989,0.0442,0.1364
reddit,250,0.5986,0.0446,0.1364
reddit,260,0.6140,0.0465,0.1318
reddit,270,0.5928,0.0438,0.1409
reddit,280,0.6222,0.0496,0.1636
reddit,290,0.6229,0.0506,0.1773
amazon,0,0.6474,0.1567,0.2167
amazon,10,0.6163,0.1238,0.1958
amazon,20,0.7853,0.3411,0.4208
amazon,30,0.8039,0.4165,0.4813
amazon,40,0.7460,0.2531,0.3417
amazon,50,0.7320,0.2024,0.3104
amazon,60,0.6981,0.1831,0.2708
amazon,70,0.6285,0.1225,0.2042
amazon,80,0.6841,0.1960,0.2708
amazon,90,0.7258,0.2704,0.3396
amazon,100,0.7610,0.3395,0.3979
amazon,110,0.8002,0.4250,0.4729
amazon,120,0.8257,0.4844,0.5188
amazon,130,0.8458,0.5332,0.5563
amazon,140,0.8623,0.5760,0.5833
amazon,150,0.8720,0.6026,0.6021
amazon,160,0.8791,0.6211,0.6146
amazon,170,0.8801,0.6227,0.6208
amazon,180,0.8717,0.6014,0.6146
amazon,190,0.8691,0.5938,0.6042
amazon,200,0.8607,0.5682,0.5833
amazon,210,0.8531,0.5448,0.5625
amazon,220,0.8458,0.5204,0.5458
amazon,230,0.8396,0.4992,0.5375
amazon,240,0.8292,0.4762,0.5083
amazon,250,0.8189,0.4605,0.4875
amazon,260,0.8171,0.4513,0.4833
amazon,270,0.8143,0.4466,0.4792
amazon,280,0.7910,0.4020,0.4437
amazon,290,0.8016,0.4267,0.4729
amazon,300,0.7798,0.3762,0.4125
amazon,310,0.7873,0.3867,0.4313
amazon,320,0.7841,0.3818,0.4208
amazon,330,0.7882,0.3998,0.4396
amazon,340,0.7812,0.3910,0.4354
amazon,350,0.7846,0.3959,0.4375
amazon,360,0.7683,0.3753,0.4083
amazon,370,0.7891,0.4073,0.4458
amazon,380,0.7765,0.3832,0.4146
amazon,390,0.7816,0.4037,0.4375
amazon,400,0.7885,0.4149,0.4479
amazon,410,0.7857,0.4158,0.4521
amazon,420,0.7812,0.4099,0.4396
amazon,430,0.7947,0.4233,0.4625
amazon,440,0.7878,0.4176,0.4542
amazon,450,0.8002,0.4469,0.4771
amazon,460,0.8095,0.4646,0.4958
amazon,470,0.8112,0.4673,0.5021
amazon,480,0.8109,0.4699,0.4979
amazon,490,0.8250,0.5004,0.5188
amazon,500,0.8164,0.4705,0.5042
amazon,510,0.8282,0.5074,0.5250
amazon,520,0.8313,0.5164,0.5333
amazon,530,0.8331,0.5177,0.5312
amazon,540,0.8411,0.5390,0.5563
amazon,550,0.8336,0.5214,0.5333
amazon,560,0.8359,0.5285,0.5417
amazon,570,0.8429,0.5438,0.5521
amazon,580,0.8445,0.5532,0.5646
amazon,590,0.8353,0.5271,0.5396
amazon,600,0.8450,0.5523,0.5542
amazon,610,0.8469,0.5536,0.5542
amazon,620,0.8409,0.5363,0.5458
amazon,630,0.8426,0.5450,0.5479
amazon,640,0.8491,0.5587,0.5667
amazon,650,0.8478,0.5521,0.5604
amazon,660,0.8490,0.5602,0.5646
amazon,670,0.8449,0.5432,0.5563
amazon,680,0.8455,0.5389,0.5521
amazon,690,0.8462,0.5491,0.5521
amazon,700,0.8480,0.5513,0.5542
amazon,710,0.8487,0.5520,0.5583
amazon,720,0.8424,0.5410,0.5500
amazon,730,0.8435,0.5401,0.5500
amazon,740,0.8403,0.5348,0.5458
amazon,750,0.8437,0.5394,0.5563
amazon,760,0.8435,0.5452,0.5458
amazon,770,0.8471,0.5525,0.5563
amazon,780,0.8431,0.5377,0.5437
amazon,790,0.8391,0.5293,0.5417
amazon,0,0.6474,0.1567,0.2167
amazon,10,0.6163,0.1238,0.1958
amazon,20,0.7853,0.3411,0.4208
amazon,30,0.8039,0.4165,0.4813
amazon,40,0.7460,0.2531,0.3417
amazon,50,0.7320,0.2024,0.3104
amazon,60,0.6981,0.1831,0.2708
amazon,70,0.6285,0.1225,0.2042
amazon,80,0.6841,0.1960,0.2708
amazon,90,0.7258,0.2704,0.3396
amazon,100,0.7610,0.3395,0.3979
amazon,110,0.8002,0.4250,0.4729
amazon,120,0.8257,0.4844,0.5188
amazon,130,0.8458,0.5332,0.5563
amazon,140,0.8623,0.5760,0.5833
amazon,150,0.8720,0.6026,0.6021
amazon,160,0.8791,0.6211,0.6146
amazon,170,0.8801,0.6227,0.6208
amazon,180,0.8717,0.6014,0.6146
amazon,190,0.8691,0.5938,0.6042
amazon,200,0.8607,0.5682,0.5833
amazon,210,0.8531,0.5448,0.5625
amazon,220,0.8458,0.5204,0.5458
amazon,230,0.8396,0.4992,0.5375
amazon,240,0.8292,0.4762,0.5083
amazon,250,0.8189,0.4605,0.4875
amazon,260,0.8171,0.4513,0.4833
amazon,270,0.8143,0.4466,0.4792
amazon,280,0.7910,0.4020,0.4437
amazon,290,0.8016,0.4267,0.4729
amazon,300,0.7798,0.3762,0.4125
amazon,310,0.7873,0.3867,0.4313
amazon,320,0.7841,0.3818,0.4208
amazon,330,0.7882,0.3998,0.4396
amazon,340,0.7812,0.3910,0.4354
amazon,350,0.7846,0.3959,0.4375
amazon,360,0.7683,0.3753,0.4083
amazon,370,0.7891,0.4073,0.4458
amazon,380,0.7765,0.3832,0.4146
amazon,390,0.7816,0.4037,0.4375
amazon,400,0.7885,0.4149,0.4479
amazon,410,0.7857,0.4158,0.4521
amazon,420,0.7812,0.4099,0.4396
amazon,430,0.7947,0.4233,0.4625
amazon,440,0.7878,0.4176,0.4542
amazon,450,0.8002,0.4469,0.4771
amazon,460,0.8095,0.4646,0.4958
amazon,470,0.8112,0.4673,0.5021
amazon,480,0.8109,0.4699,0.4979
amazon,490,0.8250,0.5004,0.5188
amazon,500,0.8164,0.4705,0.5042
amazon,510,0.8282,0.5074,0.5250
amazon,520,0.8313,0.5164,0.5333
amazon,530,0.8331,0.5177,0.5312
amazon,540,0.8411,0.5390,0.5563
amazon,550,0.8336,0.5214,0.5333
amazon,560,0.8359,0.5285,0.5417
amazon,570,0.8429,0.5438,0.5521
amazon,580,0.8445,0.5532,0.5646
amazon,590,0.8353,0.5271,0.5396
amazon,600,0.8450,0.5523,0.5542
amazon,610,0.8469,0.5536,0.5542
amazon,620,0.8409,0.5363,0.5458
amazon,630,0.8426,0.5450,0.5479
amazon,640,0.8491,0.5587,0.5667
amazon,650,0.8478,0.5521,0.5604
amazon,660,0.8490,0.5602,0.5646
amazon,670,0.8449,0.5432,0.5563
amazon,680,0.8455,0.5389,0.5521
amazon,690,0.8462,0.5491,0.5521
amazon,700,0.8480,0.5513,0.5542
amazon,710,0.8487,0.5520,0.5583
amazon,720,0.8424,0.5410,0.5500
amazon,730,0.8435,0.5401,0.5500
amazon,740,0.8403,0.5348,0.5458
amazon,750,0.8437,0.5394,0.5563
amazon,760,0.8435,0.5452,0.5458
amazon,770,0.8471,0.5525,0.5563
amazon,780,0.8431,0.5377,0.5437
amazon,790,0.8391,0.5293,0.5417
tfinance,0,0.3825,0.0354,0.0628
tfinance,10,0.2186,0.0274,0.0351
tfinance,20,0.5925,0.0860,0.2486
tfinance,30,0.4563,0.0452,0.0915
tfinance,40,0.4100,0.0378,0.0749
tfinance,50,0.3710,0.0347,0.0647
tfinance,60,0.3035,0.0306,0.0434
tfinance,70,0.2803,0.0294,0.0351
tfinance,80,0.2274,0.0274,0.0296
tfinance,90,0.1663,0.0256,0.0231
tfinance,100,0.1520,0.0253,0.0222
tfinance,110,0.1412,0.0250,0.0203
tfinance,120,0.1429,0.0250,0.0194
tfinance,130,0.1753,0.0264,0.0481
tfinance,140,0.1884,0.0469,0.0767
tfinance,150,0.1940,0.0559,0.0841
tfinance,160,0.2021,0.0628,0.0869
tfinance,170,0.2113,0.0664,0.0869
tfinance,180,0.2123,0.0697,0.0869
tfinance,190,0.2203,0.0668,0.0878
tfinance,200,0.2310,0.0682,0.0887
tfinance,210,0.2320,0.0614,0.0887
tfinance,220,0.2357,0.0605,0.0878
tfinance,230,0.2577,0.0624,0.0887
tfinance,240,0.2562,0.0561,0.0776
tfinance,250,0.2545,0.0346,0.0749
tfinance,260,0.2797,0.0319,0.0684
tfinance,270,0.2533,0.0284,0.0287
tfinance,280,0.2601,0.0287,0.0296
tfinance,290,0.2041,0.0266,0.0222
tfinance,300,0.1799,0.0260,0.0231
tfinance,310,0.1698,0.0257,0.0222
tfinance,320,0.1662,0.0257,0.0222
tfinance,330,0.2456,0.0281,0.0268
tfinance,340,0.2029,0.0265,0.0259
tfinance,350,0.1928,0.0264,0.0250
tfinance,360,0.2332,0.0275,0.0250
tfinance,370,0.1680,0.0256,0.0231
tfinance,380,0.1957,0.0265,0.0250
tfinance,390,0.1872,0.0261,0.0240
tfinance,400,0.1887,0.0262,0.0250
tfinance,410,0.2050,0.0267,0.0240
tfinance,420,0.2144,0.0270,0.0268
tfinance,430,0.1808,0.0260,0.0240
tfinance,440,0.1812,0.0260,0.0240
tfinance,450,0.2137,0.0269,0.0259
tfinance,460,0.1979,0.0265,0.0259
tfinance,470,0.2257,0.0274,0.0268
tfinance,480,0.2386,0.0277,0.0259
tfinance,490,0.2001,0.0265,0.0268
reddit,0,0.5219,0.0362,0.0955
reddit,10,0.5254,0.0383,0.1273
reddit,20,0.5251,0.0392,0.1318
reddit,30,0.5249,0.0399,0.1500
reddit,40,0.5249,0.0402,0.1455
reddit,50,0.5257,0.0404,0.1500
reddit,60,0.5260,0.0407,0.1455
reddit,70,0.5272,0.0411,0.1591
reddit,80,0.5285,0.0420,0.1636
reddit,90,0.5285,0.0428,0.1500
reddit,100,0.5300,0.0433,0.1500
reddit,110,0.5311,0.0431,0.1455
reddit,120,0.5339,0.0433,0.1591
reddit,130,0.5349,0.0432,0.1591
reddit,140,0.5393,0.0426,0.1545
reddit,150,0.5431,0.0422,0.1409
reddit,160,0.5470,0.0413,0.1409
reddit,170,0.5565,0.0413,0.1364
reddit,180,0.5578,0.0415,0.1500
reddit,190,0.6017,0.0443,0.1273
reddit,200,0.5745,0.0425,0.1455
reddit,210,0.5671,0.0420,0.1500
reddit,220,0.5721,0.0423,0.1591
reddit,230,0.5918,0.0437,0.1545
reddit,240,0.5989,0.0442,0.1364
reddit,250,0.5986,0.0446,0.1364
reddit,260,0.6140,0.0465,0.1318
reddit,270,0.5928,0.0438,0.1409
reddit,280,0.6222,0.0496,0.1636
reddit,290,0.6229,0.0506,0.1773
questions,0,0.4740,0.0293,0.1111
questions,10,0.4754,0.0284,0.1088
questions,20,0.4824,0.0285,0.0959
questions,30,0.4865,0.0289,0.0959
questions,40,0.4892,0.0308,0.1041
questions,50,0.4856,0.0309,0.1099
questions,60,0.4709,0.0297,0.0994
questions,70,0.4521,0.0280,0.0889
questions,80,0.4412,0.0267,0.0690
questions,90,0.4371,0.0262,0.0561
questions,100,0.4348,0.0260,0.0491
questions,110,0.4304,0.0249,0.0398
questions,120,0.4262,0.0245,0.0363
questions,130,0.4233,0.0243,0.0363
questions,140,0.4224,0.0244,0.0351
questions,150,0.4204,0.0245,0.0363
questions,160,0.4200,0.0241,0.0363
questions,170,0.4210,0.0241,0.0386
questions,180,0.4203,0.0239,0.0398
questions,190,0.4209,0.0242,0.0433
questions,200,0.4215,0.0243,0.0468
questions,210,0.4202,0.0242,0.0456
questions,220,0.4182,0.0241,0.0421
questions,230,0.4186,0.0241,0.0456
questions,240,0.4174,0.0241,0.0433
questions,250,0.4210,0.0244,0.0480
questions,260,0.4207,0.0245,0.0456
questions,270,0.4210,0.0244,0.0480
questions,280,0.4213,0.0246,0.0526
questions,290,0.4223,0.0246,0.0503
tolokers,0,0.4605,0.2047,0.0914
tolokers,10,0.4477,0.1926,0.0695
tolokers,20,0.4410,0.1915,0.0760
tolokers,30,0.4409,0.1912,0.0741
tolokers,40,0.4453,0.1939,0.0766
tolokers,50,0.4599,0.2059,0.0895
tolokers,60,0.5019,0.2315,0.1153
tolokers,70,0.5025,0.2293,0.1165
tolokers,80,0.4981,0.2233,0.0992
tolokers,90,0.4225,0.1910,0.0837
tolokers,100,0.3986,0.1813,0.0753
tolokers,110,0.4844,0.2168,0.0940
tolokers,120,0.4506,0.1956,0.0708
tolokers,130,0.4567,0.2023,0.0798
tolokers,140,0.4409,0.1910,0.0637
tolokers,150,0.4548,0.1977,0.0695
tolokers,160,0.4274,0.1860,0.0496
tolokers,170,0.4383,0.1891,0.0618
tolokers,180,0.4492,0.1900,0.0554
tolokers,190,0.4503,0.1924,0.0580
tolokers,200,0.4428,0.1893,0.0522
tolokers,210,0.4614,0.1968,0.0599
tolokers,220,0.4682,0.2003,0.0631
tolokers,230,0.4513,0.1921,0.0592
tolokers,240,0.4411,0.1853,0.0399
tolokers,250,0.4391,0.1868,0.0496
tolokers,260,0.4473,0.1932,0.0605
tolokers,270,0.4415,0.1900,0.0522
tolokers,280,0.4584,0.1976,0.0670
tolokers,290,0.4483,0.1924,0.0560
yelp,0,0.5189,0.1591,0.1209
yelp,10,0.5627,0.1821,0.1443
yelp,20,0.5533,0.1799,0.1493
yelp,0,0.5259,0.1671,0.1194
yelp,10,0.5276,0.1685,0.1248
yelp,20,0.5273,0.1673,0.1233
yelp,30,0.5271,0.1668,0.1214
yelp,40,0.5270,0.1668,0.1211
yelp,50,0.5270,0.1670,0.1211
yelp,60,0.5272,0.1672,0.1219
yelp,70,0.5273,0.1672,0.1219
yelp,80,0.5274,0.1674,0.1216
yelp,90,0.5275,0.1679,0.1224
yelp,100,0.5279,0.1682,0.1231
yelp,110,0.5280,0.1683,0.1238
yelp,120,0.5286,0.1693,0.1258
yelp,130,0.5291,0.1700,0.1306
yelp,140,0.5298,0.1708,0.1333
yelp,150,0.5303,0.1714,0.1356
yelp,160,0.5310,0.1718,0.1368
yelp,170,0.5318,0.1722,0.1381
yelp,180,0.5313,0.1721,0.1390
yelp,190,0.5320,0.1728,0.1403
yelp,200,0.5315,0.1728,0.1413
yelp,210,0.5321,0.1732,0.1418
yelp,220,0.5314,0.1730,0.1415
yelp,230,0.5318,0.1735,0.1428
yelp,240,0.5312,0.1728,0.1418
yelp,250,0.5323,0.1752,0.1423
yelp,260,0.5313,0.1731,0.1423
yelp,270,0.5317,0.1732,0.1433
yelp,280,0.5313,0.1735,0.1445
yelp,290,0.5308,0.1740,0.1438
weibo,0,0.7923,0.5576,0.4731
weibo,10,0.7697,0.5125,0.4212
weibo,20,0.7498,0.4352,0.4212
weibo,30,0.7074,0.3813,0.2558
weibo,40,0.6776,0.3767,0.3000
weibo,50,0.5606,0.3838,0.3308
weibo,60,0.5218,0.3896,0.3423
weibo,70,0.5134,0.3947,0.3519
weibo,80,0.5140,0.3947,0.3500
weibo,90,0.5125,0.4031,0.3596
weibo,100,0.4912,0.3916,0.3481
weibo,110,0.4759,0.3811,0.3404
weibo,120,0.4512,0.3709,0.3231
weibo,130,0.4360,0.3643,0.3212
weibo,140,0.4212,0.3594,0.3154
weibo,150,0.3874,0.3471,0.3038
weibo,160,0.3834,0.3418,0.3038
weibo,170,0.3895,0.3499,0.3077
weibo,180,0.3588,0.3318,0.2962
weibo,190,0.3535,0.3020,0.2769
weibo,200,0.3625,0.3115,0.2865
weibo,210,0.3548,0.3076,0.2846
weibo,220,0.3609,0.2956,0.2885
weibo,230,0.3414,0.2713,0.2385
weibo,240,0.3534,0.2728,0.2308
weibo,250,0.3721,0.3128,0.2846
weibo,260,0.3615,0.3332,0.3038
weibo,270,0.3299,0.2867,0.2673
weibo,280,0.2582,0.2430,0.2115
weibo,290,0.2550,0.2390,0.2077
